outcome,on last GSS year,on last GSS year,on last GSS year,on last GSS year,on last GSS year,on last GSS year,on last GSS year,on last GSS year,"on first ""future"" GSS year","on first ""future"" GSS year","on first ""future"" GSS year","on first ""future"" GSS year","on first ""future"" GSS year","on first ""future"" GSS year","on first ""future"" GSS year","on first ""future"" GSS year",article_id
group,propSig,paramSizesNormed,Rs,adjRs,pvalues,propSig_CentralVars,paramSizesNormed_CentralVars,pvalues_CentralVars,propSig,paramSizesNormed,Rs,adjRs,pvalues,propSig_CentralVars,paramSizesNormed_CentralVars,pvalues_CentralVars,
,,,,,,,,,,,,,,,,,
0,0.125,0.11960302829223414,0.03859907466302426,0.02896097014836785,0.42994211777272134,0.125,0.11960302829223413,0.42994211777272134,0.3125,0.16732718767915547,0.07954921622567268,0.06951021653897238,0.4082731225961294,0.3125,0.14840440150330578,0.39275239999173694,2207
1,0.5625,0.27845133182232557,0.11505279667248403,0.10618114551130597,0.18106597329299948,0.5625,0.27845133182232557,0.1810659732929995,0.1875,0.14457629369798444,0.06000702402824554,0.04975488523100746,0.38313189327935243,0.1875,0.1317181045294287,0.3600031477742396,2207
2,0.3333333333333333,0.14385355028137986,0.009961574713383103,0.006027647195688046,0.4099960848137923,0.3333333333333333,0.14385355028137986,0.4099960848137923,0.3333333333333333,0.22417508621657264,0.014825810468435452,0.011129096811656525,0.2207961374787111,0.3333333333333333,0.20930447877628694,0.1908761224975155,2430
3,0.0,0.11482141675436175,0.005974924906051671,0.0020251563957446317,0.41177446125679795,0.0,0.11482141675436175,0.41177446125679795,0.5,0.1702924414227538,0.013631298762400323,0.009930102885336023,0.32806825802198025,0.5,0.16821739853838494,0.27609158079117824,2430
4,0.5,0.2939445510845649,0.03992615491094864,0.036111291950329916,0.3586148642816871,0.5,0.2939445510845649,0.3586148642816871,0.5,0.324550801844606,0.0324563220336882,0.028825764142632493,0.297363834541324,0.5,0.36670497730480106,0.2107469132970392,2430
5,0.5,0.30173976745195913,0.04015330406093609,0.03633934367972136,0.35997841240061845,0.5,0.30173976745195913,0.35997841240061845,0.5,0.3115887232860214,0.024818090957317573,0.021158871786425615,0.23878718551351077,0.5,0.3090627280778351,0.2209063751495027,2430
6,0.5,0.3256986522028697,0.045933302123747244,0.04214230862225221,0.3522040904058236,0.5,0.3256986522028697,0.3522040904058236,0.5,0.380458043009872,0.03915158522586426,0.03554615027361596,0.18012434085055026,0.5,0.3810766377119586,0.16582597699179943,2430
7,0.3333333333333333,0.31679970258572865,0.010692840284801775,0.006761818458118962,0.17372087905917435,0.3333333333333333,0.31679970258572865,0.17372087905917435,0.16666666666666666,0.15513234776230422,0.008135986540564466,0.0044141703549754885,0.29027960759447186,0.16666666666666666,0.16455432320659957,0.19900571944284337,2430
8,0.16666666666666666,0.44281433925553243,0.009453265669515765,0.0055173183807853965,0.2607707153443351,0.16666666666666666,0.44281433925553243,0.2607707153443351,0.16666666666666666,0.13728119284983145,0.0061951460781962675,0.002466047189183751,0.35341287205987043,0.16666666666666666,0.13355571571544317,0.2958250665204133,2430
9,0.5,0.5208352655186602,0.08928484209159138,0.0856661063648031,0.19512648873935579,0.5,0.5208352655186602,0.19512648873935579,0.6666666666666666,0.3526846318273286,0.040806302307147435,0.03720707642462251,0.1358283599294662,0.6666666666666666,0.4011375401611483,0.015590879448841865,2430
10,0.6666666666666666,0.3469032287803188,0.04902730523581744,0.045248605786423424,0.23318799315751035,0.6666666666666666,0.3469032287803188,0.23318799315751035,0.5,0.35464478701577823,0.05978773137717319,0.056259730369207506,0.16119928291434138,0.5,0.3913080609633231,0.07369776869526794,2430
11,0.3333333333333333,0.2176582870436509,0.0312567692663791,0.02740745841578196,0.2971034729223951,0.3333333333333333,0.2176582870436509,0.2971034729223951,0.5,0.3111629268388933,0.02400710896535818,0.020344846710068643,0.22854547254545154,0.5,0.300948628744688,0.21928050680488825,2430
12,0.3076923076923077,0.14739475203210667,0.3543542471454564,0.3431853918066552,0.3514234186062639,0.3181818181818182,0.15578957594337106,0.3244885385522202,0.38461538461538464,0.17147907684228164,0.29045045775531775,0.2776480371457676,0.327349427715316,0.4090909090909091,0.14973869211997703,0.29398129999972616,6197
13,1.0,0.1564191434319203,0.024466948431987157,0.023754880511134502,5.730039372203749e-09,1.0,0.1564191434319203,5.730039372203749e-09,1.0,0.1631695191913505,0.026624291993139204,0.025981799776632952,1.627809437949808e-10,1.0,0.1631695191913505,1.627809437949808e-10,5096
14,0.1111111111111111,0.23039836410839992,0.19871824077644562,0.18369420779100398,0.36882881218270885,0.12,0.24652680974550725,0.3748748037297572,0.2962962962962963,0.17882273928676698,0.15987865853114447,0.14749695753788072,0.364491212741936,0.28,0.17476289112734375,0.337623777350386,3323
15,0.7037037037037037,0.40703839491006283,0.1965017963377681,0.18143620501910118,0.1324751665474887,0.72,0.43433140822496585,0.1283337295896838,0.7037037037037037,0.34180973641889745,0.13553428660353595,0.12279379846941763,0.1472830741667873,0.68,0.36000167735268984,0.10788162917494361,3323
16,0.4074074074074074,0.26604917276001633,0.10628423034890355,0.0895270596679455,0.2232194914213983,0.4,0.28123783218367027,0.2020935212856246,0.4444444444444444,0.2553304973545425,0.06616988424740744,0.052407104157167206,0.28023023496062877,0.4,0.20873067990480054,0.3021442129207421,3323
17,0.5555555555555556,0.33389773228110553,0.1269419607343928,0.11057212249816262,0.08319656079234397,0.52,0.3554631058495715,0.08787818368041134,0.6296296296296297,0.281816006234254,0.12601070101165157,0.11312985435625555,0.11033607085772472,0.64,0.28932538903682786,0.0645525134681431,3323
18,0.1111111111111111,0.15038132976018748,0.2226671189485313,0.20809212742881622,0.491072563351918,0.12,0.1618326166720422,0.4675942936661286,0.25925925925925924,0.18399100757066525,0.12616983370501034,0.1132913323458592,0.3567978274554087,0.24,0.16554368123922772,0.31958984587886385,3323
19,0.5925925925925926,0.3349994524338011,0.13882185657006196,0.12267476638075059,0.14158087578254136,0.6,0.35777287062349084,0.11975573918098961,0.6666666666666666,0.329399029006801,0.12410429112755161,0.11119534781993357,0.1227544334069553,0.64,0.3139068883673738,0.10076723242866707,3323
20,0.3157894736842105,0.17364657669522368,0.08405572913340664,0.07258378375010721,0.2815692445438659,0.7142857142857143,0.2591095138378373,0.16275578487056014,0.21052631578947367,0.1194624940267007,0.062214473399755055,0.04903553478629019,0.4114808138018217,0.2857142857142857,0.18573189941535925,0.13583014678968908,6439
21,0.21052631578947367,0.16935572972526702,0.08350591531236196,0.07202708366498878,0.31630338210694015,0.42857142857142855,0.247157472036705,0.2266037638908984,0.10526315789473684,0.12482172535907293,0.06834787287264343,0.055255128482540106,0.37426671416272667,0.2857142857142857,0.17457187584549724,0.15910789024177094,6439
22,0.2631578947368421,0.14184710438766848,0.07614556588070476,0.06457454791876238,0.38180070191189025,0.5714285714285714,0.19268277105391338,0.24421302634675812,0.05263157894736842,0.10189510398623558,0.04197328044977722,0.028509887201660256,0.4381797858408812,0.14285714285714285,0.10902612112362875,0.30006590488100476,6439
23,0.3157894736842105,0.16830400816059146,0.08306510962092539,0.07158075700576227,0.3473671875054563,0.5714285714285714,0.2488467794113722,0.1800220737709281,0.2631578947368421,0.13614722260637482,0.06597331008556051,0.05284719536043159,0.37079641417529163,0.5714285714285714,0.1841954862140793,0.17017164805446758,6439
24,0.21052631578947367,0.12454396869036802,0.06026202867767583,0.048492073862168805,0.43487111748820134,0.14285714285714285,0.1568657360367185,0.3865054338439529,0.2631578947368421,0.12249437051647781,0.06706545922368412,0.053954692748277355,0.4271411307849562,0.2857142857142857,0.14400385438574884,0.32594846564501323,6439
25,0.2631578947368421,0.13528435789207732,0.12873609002610864,0.11782375364542041,0.38378763410454286,0.14285714285714285,0.13224659518145795,0.39200496423136993,0.15789473684210525,0.13021301001579855,0.1250974715753067,0.1128022437350189,0.4075926176417324,0.14285714285714285,0.14868198199086732,0.286624066135091,6439
26,0.6842105263157895,0.2616174686364915,0.13434135249003376,0.12349922045134598,0.07998736158754904,0.42857142857142855,0.23229074873304403,0.1613909178886508,0.2631578947368421,0.1891098140618681,0.12509716827366513,0.1128019361710022,0.1862635768429529,0.14285714285714285,0.14086302846100177,0.2266393591580708,6439
27,0.15789473684210525,0.09597003781367669,0.0458720351799341,0.03392184972734258,0.4467945140494719,0.14285714285714285,0.09997314608594632,0.3976375770206203,0.21052631578947367,0.13357795130357775,0.05443952364588589,0.041151321685288234,0.3419500346178886,0.14285714285714285,0.14386250754873825,0.26542551219008775,6439
28,0.6842105263157895,0.335783255941599,0.11201084333842537,0.10088902792868903,0.11826573229418132,0.42857142857142855,0.26985637793335,0.19303969331421858,0.42105263157894735,0.25499229527247963,0.11836169116599082,0.10597180368977333,0.1409526064823885,0.42857142857142855,0.33181405542383585,0.048481320519429556,6439
29,0.21052631578947367,0.13855058202232132,0.10046543350737558,0.0891990150740467,0.36397578145971865,0.2857142857142857,0.19565830653723773,0.23221083236716566,0.15789473684210525,0.1355183912093173,0.08544742773233571,0.07259498773744999,0.3572060916076868,0.14285714285714285,0.13034763619212317,0.2629892520692351,6439
30,0.2631578947368421,0.10439245215518982,0.10126629994378289,0.09000991213820075,0.4685322250666741,0.42857142857142855,0.1340661175515065,0.3516412650385954,0.3684210526315789,0.15354453013336852,0.1261270895551656,0.11384633119832255,0.3235016260125611,0.14285714285714285,0.07332842069740063,0.41419493324808815,6439
31,0.15789473684210525,0.11232782070738385,0.08569260233360387,0.07424115832855338,0.3856136682255491,0.2857142857142857,0.12820363940784327,0.36512651428141457,0.15789473684210525,0.12007832272512131,0.10431333153215994,0.09172601888357346,0.4025459389942191,0.14285714285714285,0.09445362480461526,0.3522753062851199,6439
32,0.47368421052631576,0.20416722142677626,0.14114965981715621,0.13039279992033748,0.19222608106186279,0.5714285714285714,0.21542243674549172,0.20186449935250012,0.47368421052631576,0.229279773420537,0.12566663004054768,0.11337940072898733,0.27942806864025094,0.42857142857142855,0.1812594713154045,0.4126053770016201,6439
33,0.3157894736842105,0.16086163922680546,0.10645626555798349,0.09526488061770766,0.2774757841178195,0.2857142857142857,0.16969923315130003,0.3075648481606022,0.3157894736842105,0.16997423932041442,0.10619532305783319,0.09363445851500696,0.29728547614257755,0.14285714285714285,0.1325813226381307,0.3331041456580451,6439
34,0.21052631578947367,0.12585867513449836,0.11094057131449109,0.09980535104750055,0.3463005276817194,0.2857142857142857,0.141740711183471,0.3178824404787798,0.21052631578947367,0.14201580415278164,0.1200168156708512,0.10765018808042681,0.3099334693948183,0.14285714285714285,0.12735556168156234,0.21765475053444086,6439
35,0.21052631578947367,0.17868059603641434,0.09378017034704744,0.08243002086556683,0.2755764480441597,0.14285714285714285,0.22536922952833746,0.2311376737484765,0.3157894736842105,0.16643667817210273,0.09785318043000213,0.08517508163427001,0.28137706492813885,0.14285714285714285,0.13872015166709117,0.2600914264809397,6439
36,0.15789473684210525,0.13634160811746993,0.036349391852330104,0.024279937959907016,0.408887720538133,0.14285714285714285,0.17505774552936396,0.4236970606932955,0.21052631578947367,0.14662651158508025,0.048176630076535054,0.03480041407908996,0.3655007426671684,0.2857142857142857,0.1604235166415889,0.4067827574742375,6439
37,0.3333333333333333,0.07046541084001873,0.01883191949081542,0.014807990247442171,0.39957628935281714,0.3333333333333333,0.07046541084001874,0.39957628935281714,0.16666666666666666,0.03804223566631243,0.00544725017729164,0.0013988672065071706,0.5435600069343053,0.16666666666666666,0.03804223566631242,0.5435600069343053,1547
38,0.5,0.17010632449515076,0.060910347468123405,0.05705898867441783,0.08023930958681778,0.5,0.17010632449515076,0.08023930958681778,0.6666666666666666,0.15855862754841668,0.035071005346370865,0.03114320753909683,0.1232537580207116,0.6666666666666666,0.15855862754841668,0.1232537580207116,1547
39,0.0,0.05599105073165539,0.002125081860799849,0.0008746120385703104,0.34934373563803245,0.0,0.05599105073165539,0.34934373563803245,0.0,0.02321750075629972,0.0017433930634945805,0.0004393347918597579,0.5191224276395009,0.0,0.02321750075629972,0.5191224276395009,5949
40,0.0,0.03639068260010345,0.0016679514805041373,0.00041690881318645623,0.3470407988144565,0.0,0.03639068260010345,0.3470407988144565,0.5,0.08670353628684783,0.00487273424553003,0.0035727639440873427,0.11822978333743389,0.5,0.08670353628684783,0.11822978333743389,5949
41,0.6,0.1843291891182759,0.09454139039866938,0.09144474672698222,0.2050401136402778,0.6,0.1843291891182759,0.2050401136402778,0.6,0.15636776602656083,0.11443769296372419,0.11204944510224557,0.30201276353150397,0.6,0.1563677660265608,0.30201276353150397,2280
42,0.0,0.08306106871787862,0.003787892013945582,0.0015911729224658,0.26910902355965377,0.0,0.13592960003894883,0.17160464020549057,0.25,0.10642147959744763,0.008791212276509808,0.0061050095997524645,0.14885667060481103,0.0,0.13831285081946143,0.23756290305151606,5015
43,0.5,0.14412535431778567,0.027492086290898166,0.025347636646556038,0.1375762742710937,0.0,0.13639054611228288,0.27504120101401713,0.25,0.0783150184113996,0.008736994067708004,0.006050644458135523,0.2949034874209222,0.0,0.05746317190811889,0.5518475221081598,5015
44,0.5454545454545454,0.16422498833937055,0.02402271015189994,0.020310486711952125,0.16715423216929826,0.5454545454545454,0.16422498833937055,0.16715423216929826,0.45454545454545453,0.17007520338728632,0.0252361748452542,0.021433904605288823,0.24460813864213116,0.45454545454545453,0.17007520338728632,0.24460813864213116,1964
45,0.75,0.24132773351401604,0.15806059560334695,0.1557927453558139,0.24124938565287626,0.75,0.2413277335140161,0.24124938565287626,0.5,0.21764773631082612,0.14029674824057525,0.13804178889169794,0.19003780729185396,0.5,0.21764773631082612,0.19003780729185396,4715
46,0.45454545454545453,0.20430052814302754,0.19498431180278952,0.1889685695676201,0.26738014666201265,0.2857142857142857,0.25083624829873014,0.3549323898335019,0.6363636363636364,0.22884957495280764,0.1947767293407734,0.18878386332098207,0.1688669402369317,0.42857142857142855,0.25527522812644543,0.21127764653444617,2648
47,0.6666666666666666,0.1363098494080866,0.09216545962235767,0.09038072592567814,0.26867649681070294,0.6666666666666666,0.1363098494080866,0.26867649681070294,0.3333333333333333,0.1383210953414222,0.11017482503479281,0.10842778607870929,0.12537953093932974,0.3333333333333333,0.1383210953414222,0.12537953093932974,1223
48,0.3333333333333333,0.05224047206767488,0.012449888104092421,0.010508439653445167,0.37120699049157463,0.3333333333333333,0.05224047206767488,0.37120699049157463,0.3333333333333333,0.049315112657428974,0.007061624320661708,0.005112137980977205,0.26870339073712596,0.3333333333333333,0.049315112657428974,0.26870339073712596,1223
49,0.6666666666666666,0.0857379719586523,0.01547470543461571,0.013539203544906564,0.04117505639119553,0.6666666666666666,0.0857379719586523,0.04117505639119553,1.0,0.1184185164098076,0.0330673904546096,0.03116896255628754,0.01204010764951084,1.0,0.1184185164098076,0.01204010764951084,1223
50,0.75,0.3962638872650351,0.14788225319188109,0.14332242578421228,0.08892594549277225,0.75,0.39626388726503503,0.08892594549277226,0.625,0.2398275010497232,0.16102026954150628,0.15646987100342635,0.33509793397831467,0.625,0.27164665959920026,0.24222998589881156,2231
51,0.625,0.19971871737513713,0.183900370679843,0.17953328236241073,0.2806615904419868,0.625,0.1997187173751371,0.2806615904419867,0.5,0.1575399439885864,0.16610486315840833,0.1615820420772337,0.36726165868877836,0.5,0.1782194702210708,0.27845931705635213,2231
52,0.5,0.2776779219244458,0.1899934775975759,0.18565899453455292,0.15620585621900543,0.5,0.2776779219244458,0.15620585621900543,0.5,0.22074588232917255,0.1825927651923963,0.17815937002055848,0.28559262984371553,0.5,0.24351312337667622,0.19123377778992506,2231
53,0.6666666666666666,0.16742307590602912,0.032307190896185056,0.03033096323974427,0.3159237680057778,0.6666666666666666,0.16742307590602912,0.3159237680057778,0.6666666666666666,0.19281411543127955,0.01733836608533257,0.015411578567852802,0.08828020608058058,0.6666666666666666,0.19281411543127955,0.08828020608058058,2250
54,0.6666666666666666,0.22842415272935682,0.10702412654524207,0.10520048623185585,0.3043802498387392,0.6666666666666666,0.22842415272935682,0.3043802498387392,0.6666666666666666,0.3115515774666604,0.10808870076687838,0.10633985508210753,0.08583181779673438,0.6666666666666666,0.3115515774666604,0.08583181779673438,2250
55,0.6666666666666666,0.2502350628517128,0.08006074248484962,0.07818203739802487,0.24905633394622498,0.6666666666666666,0.2502350628517129,0.24905633394622498,0.6666666666666666,0.1840435566086274,0.021909117938118006,0.0199912926791731,0.06212098989075196,0.6666666666666666,0.1840435566086274,0.06212098989075196,2250
56,1.0,0.3175953656104252,0.08392829302262172,0.08205748626909404,0.006121168544764927,1.0,0.3175953656104252,0.006121168544764927,0.6666666666666666,0.18060213217882573,0.06515753602757857,0.06332451158841701,0.31419622953728077,0.6666666666666666,0.18060213217882573,0.31419622953728077,2250
57,0.4444444444444444,0.1440608306750366,0.3882860555089964,0.3846640650481944,0.22796172832926975,0.5,0.14567438942250213,0.2027962629106761,0.5555555555555556,0.15507385358005993,0.3581956903324873,0.35440052687190415,0.3093391372668872,0.6666666666666666,0.13486095958393565,0.30364275190078693,2149
58,0.4444444444444444,0.135083868841838,0.17590484029534437,0.17102532948130367,0.3437902383539214,0.5,0.08596795523188368,0.2793215713631408,0.4444444444444444,0.15201973264221313,0.19053612382731877,0.185749543744826,0.31542470963552394,0.5,0.07290954048019878,0.3399359141291372,2149
59,1.0,0.12195726170586223,0.02269336279068468,0.02203942726896546,0.003504470398561138,1.0,0.12195726170586223,0.003504470398561138,1.0,0.1273001576185575,0.031662005599402465,0.030994416496058275,0.014933556073384716,1.0,0.1273001576185575,0.014933556073384716,6521
60,1.0,0.2272916935379945,0.07272750134110706,0.07210704466753137,1.4770598634573365e-09,1.0,0.2272916935379945,1.4770598634573365e-09,1.0,0.1820495901923886,0.04431666308007365,0.043657798318322505,8.910068191724525e-07,1.0,0.1820495901923886,8.910068191724525e-07,6521
61,0.5,0.06242099860076826,0.0032363676888306214,0.0025694131004658782,0.17028529586710503,0.5,0.06242099860076826,0.17028529586710503,0.5,0.06283087515979777,0.0032375905970101204,0.0025504052061772198,0.1634024501061993,0.5,0.06283087515979777,0.1634024501061993,6521
62,0.4,0.25884347588415024,0.15560672315691693,0.14760552343951572,0.2814767350664416,0.4,0.25884347588415024,0.2814767350664416,0.4,0.27589950183535145,0.15475146906242676,0.14604952811248595,0.2432120379434749,0.4,0.2766901405435761,0.23732430719535705,7431
63,0.2,0.278227784902916,0.5343480899942528,0.5299357219272369,0.406952280108263,0.2,0.278227784902916,0.406952280108263,0.13333333333333333,0.25812071092403166,0.5215096682479371,0.5165835495270854,0.4803149483122214,0.13333333333333333,0.2625401184937057,0.4908379202422469,7431
64,0.2857142857142857,0.1423102574016171,0.06484630723629281,0.05661742496181654,0.33495850297859237,0.0,0.12153719346481465,0.4793508606108371,0.7142857142857143,0.1746850091223733,0.06535889684514229,0.060963540632791524,0.15078525156321929,0.625,0.18610622137924132,0.16371622561405727,2548
65,0.7142857142857143,0.3377571888982892,0.11214621439783012,0.10433354752263824,0.11274168323437438,0.75,0.4201491035260906,0.02880126484337876,0.8571428571428571,0.31845158344109736,0.13495923262877507,0.13089118736737182,0.05876225689287832,1.0,0.37042369160941685,0.0005374242491152465,2548
66,0.6428571428571429,0.2689912893137489,0.0843040356928022,0.07624637164484449,0.0957083587021307,0.5,0.31657489898082997,0.09412265110934825,0.5,0.16354338710491292,0.08843076059969446,0.08414390492229962,0.16631809924477153,0.25,0.1369186784963927,0.24882451254094426,2548
67,0.07142857142857142,0.07611235102105052,0.021892858004126214,0.013286006974621456,0.49182861520996823,0.0,0.08590689299775763,0.6054505124903777,0.07142857142857142,0.042258132456091876,0.011782430621092299,0.007135119243428578,0.5737049777871202,0.0,0.05629336806471254,0.603994374292808,2548
68,0.42857142857142855,0.20727933300713447,0.07193517979983721,0.06376867603943359,0.12846250061880768,0.375,0.2549976624467182,0.1481668286945164,0.35714285714285715,0.10034747449818629,0.04784184144670278,0.04336410741252528,0.3274185525983538,0.125,0.10026037920770603,0.3871291624872612,2548
69,0.35714285714285715,0.17150939943840887,0.13057534713792196,0.12292484736415143,0.2787378081415772,0.125,0.19304361264455236,0.32717850760938655,0.42857142857142855,0.15304330242284672,0.11303008646640378,0.10885891455190244,0.25899373004569776,0.25,0.169573413943401,0.28141543582202755,2548
70,0.2857142857142857,0.14840083400259713,0.06580339667037394,0.05758293630166578,0.33787164222586336,0.125,0.17396766127775273,0.3974427056167276,0.35714285714285715,0.12356940750099499,0.03704981110175776,0.032521325161356085,0.2529166671458656,0.25,0.14608628876019336,0.24999729458859524,2548
71,0.11538461538461539,0.180540648177101,0.060790088645892415,0.05208439962799338,0.4092240373103398,0.17647058823529413,0.24464661998948162,0.33116206506276624,0.15384615384615385,0.18542717800190547,0.0478123818550914,0.0389389488544577,0.30843321246117683,0.17647058823529413,0.21802756286164449,0.31587639500820425,2092
72,0.19230769230769232,0.12616225858596086,0.0460650458405788,0.037222868012363075,0.4213626785035143,0.17647058823529413,0.11816683031762573,0.5039953522940962,0.07692307692307693,0.15799687240980267,0.02868893984522325,0.01963729555704241,0.3544458085862434,0.11764705882352941,0.19989784378167746,0.3061535596968372,2092
73,0.19230769230769232,0.16392000460747508,0.10000607644619708,0.09166388678045767,0.40981015815088784,0.23529411764705882,0.2136442045148627,0.34586813013620665,0.5,0.3229315363427375,0.08610129217490614,0.07758467339230657,0.18748173250487044,0.35294117647058826,0.3852977874586429,0.18994983993431297,2092
74,0.15384615384615385,0.16386482359269106,0.0892195812208163,0.08077740978115189,0.3497019704238096,0.23529411764705882,0.20690917311686827,0.32430240345376615,0.6153846153846154,0.34920432049115724,0.08619585417589493,0.07768011661624363,0.13862608648755131,0.47058823529411764,0.3884718150660292,0.16264593953205395,2092
75,0.07692307692307693,0.13019189865183783,0.061721343397933004,0.05302428633138978,0.4762445497300396,0.11764705882352941,0.1546685324658081,0.48506679894605303,0.34615384615384615,0.21047012582763613,0.06113216156542001,0.052382855544165774,0.2538771788158108,0.29411764705882354,0.1989926558349315,0.3123210325062511,2092
76,0.19230769230769232,0.12909145160565771,0.09121901293763257,0.08279537455487973,0.4838900520611094,0.23529411764705882,0.1628816516039621,0.43563059003627136,0.46153846153846156,0.299733166093589,0.0812123774790684,0.07265019891794133,0.2083501683345115,0.29411764705882354,0.355693730808071,0.206702305243529,2092
77,0.0,0.07947424371724708,0.007389807138555193,0.00479813561672382,0.14147206710902377,0.0,0.0794742437172471,0.14147206710902377,0.5,0.18169208804961753,0.02119530635795286,0.018331210692577482,0.16644349653232443,0.25,0.14490047916030654,0.22174332875613798,5556
78,0.5555555555555556,0.11573545210151365,0.035225149469475414,0.030531650196624294,0.16479720007993606,0.6666666666666666,0.15770478887759853,0.09715731871219203,0.2222222222222222,0.044024291329382854,0.01361021432966325,0.008023362176716065,0.43772939502860386,0.16666666666666666,0.050964866883910324,0.47850939455645075,3313
79,0.3333333333333333,0.10239697330033096,0.060139929948768156,0.055567637716086526,0.3183174224834335,0.5,0.1487643487970609,0.1327243821023377,0.4444444444444444,0.07583460824358103,0.023999789465625088,0.018471783238558026,0.345669223601944,0.6666666666666666,0.10864324875801144,0.16760929311986908,3313
80,0.4444444444444444,0.11005594506236777,0.0479808676309591,0.043349423203217885,0.2684236096691673,0.6666666666666666,0.15672291856826798,0.1250079927431361,0.3333333333333333,0.11036602383965316,0.031247743428469255,0.0257607891747601,0.27630547577785447,0.5,0.15545377851688516,0.15303776047287387,3313
81,0.3333333333333333,0.1127027372814332,0.09186832905728848,0.08745039119864828,0.2108682259397564,0.5,0.1576625741286041,0.13598762941379092,0.3333333333333333,0.08421534538272295,0.048556421130167005,0.04316750218125032,0.35694371806531605,0.5,0.11721951837855384,0.28466300412214246,3313
82,0.3333333333333333,0.1560423070597713,0.19878977943229437,0.1948919999808839,0.3263034412813146,0.5,0.22853272639449804,0.1738869141203063,0.4444444444444444,0.10287656417366728,0.06474375293289159,0.05944651805334211,0.38026207540781176,0.5,0.14479352942026635,0.26189058464608284,3313
83,0.4444444444444444,0.17508612888536174,0.18344577990715627,0.1794733539715695,0.3613627086982412,0.6666666666666666,0.2583971818494363,0.18260982172028425,0.4444444444444444,0.1595576462999506,0.15777283287732724,0.15300250908619817,0.17052280779808326,0.6666666666666666,0.22727615609280308,0.09231481213174302,3313
84,0.5,0.16792386956478567,0.09761337399601266,0.09028186450918263,0.30459332258394917,0.5,0.16792386956478567,0.30459332258394917,0.4166666666666667,0.1398436518276351,0.12790537735619478,0.1208628904976985,0.3529535508379431,0.4166666666666667,0.12671223022434763,0.32424788596897397,1569
85,0.4166666666666667,0.1210718815275071,0.06527522616314407,0.05768098290922241,0.34558981789333604,0.4166666666666667,0.1210718815275071,0.34558981789333604,0.5,0.1145645784613364,0.07989043314037747,0.07246020783599294,0.34312845195050246,0.5,0.1161402259128478,0.2937133496974283,1569
86,0.3333333333333333,0.22722149845882875,0.14980248747827907,0.14289499245440584,0.1562274579248628,0.3333333333333333,0.22722149845882877,0.15622745792486278,0.3333333333333333,0.14604938636036274,0.17829846768150204,0.1716629236789301,0.3782664008077486,0.3333333333333333,0.1588273011857768,0.32236293816522577,1569
87,0.5,0.1953654801087069,0.13451890981594306,0.12748724219088636,0.23581600976623973,0.5,0.19536548010870694,0.2358160097662397,0.3333333333333333,0.16407824274302849,0.17029730739963556,0.16359715106638906,0.34352725294650927,0.3333333333333333,0.16597496034864354,0.2997492361605524,1569
88,0.5,0.1797496114046043,0.09829575479660502,0.09096978936502698,0.2089857535364618,0.5,0.1797496114046043,0.2089857535364618,0.5,0.14932880054861353,0.1102177952448552,0.1030324746142619,0.28561023234915206,0.5,0.13505043787823404,0.2526674755232846,1569
89,0.4166666666666667,0.16402936783130428,0.1476369737087947,0.14071188480189256,0.3063350772332358,0.4166666666666667,0.16402936783130426,0.3063350772332358,0.4166666666666667,0.23557235760341425,0.18057536713669864,0.17395820993995603,0.20833089603100927,0.4166666666666667,0.17307040627028727,0.21346337682627523,1569
90,0.5,0.23505978107089331,0.12287370731725478,0.11563967603739711,0.3392650526960627,0.5,0.2295401032126533,0.3262806821474675,0.5,0.19746183519507232,0.09197147583639109,0.08607199435833834,0.26527141547609484,0.5,0.19662864438900055,0.2596442161840821,6840
91,1.0,0.16887575407298874,0.028519020313725885,0.02787777874297581,3.600151632619846e-11,1.0,0.16887575407298874,3.600151632619846e-11,1.0,0.14468977550837742,0.020935131136648244,0.0203247415675315,5.725216142365637e-09,1.0,0.14468977550837742,5.725216142365637e-09,7081
92,1.0,0.2533029047686041,0.06416236156422672,0.06354464695139772,1.2255384877024072e-23,1.0,0.2533029047686041,1.2255384877024072e-23,1.0,0.25388943575385914,0.0644598455873957,0.0638765911270387,4.817887093132892e-25,1.0,0.25388943575385914,4.817887093132892e-25,7081
93,0.0,0.0015386022063651288,2.367296735528157e-06,-0.0006576971472931348,0.9522534637676764,0.0,0.0015386022063651288,0.9522534637676764,0.0,0.015329503008254813,0.0002349936624866933,-0.00038830122924493615,0.5392903291806879,0.0,0.015329503008254813,0.5392903291806879,7081
94,0.42105263157894735,0.1748481430491001,0.0660057940959462,0.05476710510786709,0.24496174908038668,0.6666666666666666,0.21839732347018767,0.18665044837268643,0.3157894736842105,0.19727892041683912,0.06417049011836451,0.05242626245142201,0.2267505216975372,0.3333333333333333,0.13725481403930076,0.323601339874976,5465
95,0.3157894736842105,0.18399696977661054,0.0652153437615558,0.05396714333816732,0.26863896203090976,0.16666666666666666,0.12059386026787233,0.5059756172011111,0.2631578947368421,0.13912428718631348,0.07654778851585708,0.06495889022114198,0.43810904741393353,0.3333333333333333,0.12378809113479743,0.46137847458239867,5465
96,1.0,0.24308232611433173,0.05908901726913984,0.05877433132173815,1.7025404963464186e-41,1.0,0.24308232611433173,1.7025404963464186e-41,1.0,0.21271735474073064,0.04524867300787838,0.044919675307329876,4.57544719036774e-31,1.0,0.21271735474073064,4.57544719036774e-31,742
97,1.0,0.19266451748038724,0.0371196162959484,0.0367975827228032,2.0712209855649588e-26,1.0,0.19266451748038724,2.0712209855649588e-26,1.0,0.1778973206620855,0.03164745669869551,0.03131377215586262,4.472270978984892e-22,1.0,0.1778973206620855,4.472270978984892e-22,742
98,1.0,0.11815561475555249,0.0713876599187846,0.07042702646352828,1.9383716363913502e-05,1.0,0.19396798696646783,9.248319814590365e-23,1.0,0.1045113260254506,0.0568984982236983,0.05589803694175732,0.0002576376131612512,1.0,0.17409432070999012,1.1288534332740165e-17,2984
99,0.16666666666666666,0.05308424392195393,0.016775386078282883,0.012868533307733077,0.2677375589830429,0.2,0.06067554448322462,0.2083914369792767,0.3333333333333333,0.05264817959775944,0.02876502822621929,0.025120619326505222,0.31772171690097717,0.4,0.06000057372777116,0.2741160794262811,2581
100,0.5,0.06600019459377202,0.04184777619027946,0.03804054881090313,0.16116196318904275,0.6,0.07550160229879427,0.09829231785293405,0.5,0.05405677885860408,0.019147125784216068,0.01546662719428804,0.2731148789021028,0.6,0.0604612376696812,0.24918862557424792,2581
101,0.5,0.08098649276146275,0.05148567428479678,0.047716743189239796,0.11224190894873332,0.6,0.09316957437893472,0.047416273829795505,0.5,0.0762957077161059,0.05768028877287301,0.054144379912733576,0.16985714108812258,0.6,0.08864770978926201,0.09080295256528821,2581
102,0.16666666666666666,0.0348039091007843,0.010366209061311138,0.006433889362217116,0.4436784554312648,0.2,0.03847052535178229,0.42606389056414173,0.3333333333333333,0.04618106310982162,0.023051818969263893,0.019385972136127805,0.33915483791056195,0.4,0.055026156119684644,0.21910381493531766,2581
103,0.6666666666666666,0.09145974928579753,0.0661591075490916,0.06244848148637283,0.08030008510337476,0.8,0.10327213709178809,0.055255993003564666,0.5,0.07803259706425848,0.05860476628544742,0.05507232638407944,0.129092878126589,0.6,0.08744575373293743,0.11086190583867392,2581
104,0.3333333333333333,0.06751487061442465,0.06033249287617215,0.05659871470217026,0.2783046503339679,0.4,0.07768351811927082,0.23077106571631986,0.6666666666666666,0.07642061481890741,0.04343400951803733,0.03984464370009366,0.14963173854516768,0.8,0.090383025150906,0.020521419131158854,2581
105,0.5,0.09312571062366944,0.06666115212783519,0.0629525209442372,0.13824235269901602,0.6,0.1095817510050642,0.03157966716525293,0.5,0.0868986615735352,0.061442685274295084,0.05792089422466762,0.20698479122372235,0.6,0.10102011826915538,0.14472633995527828,2581
106,0.5,0.0894604242229765,0.0541313901338657,0.0503729718165169,0.17700167659171862,0.6,0.1056263349779188,0.06490597083446796,0.6666666666666666,0.11203889023481291,0.09218844718806585,0.08878202485106035,0.3045627549196144,0.8,0.1340466423553742,0.17833098900709518,2581
107,0.3333333333333333,0.04931242417386899,0.02499634719486621,0.02112216049497828,0.3430123902299631,0.4,0.05667424799715091,0.2851224340389001,0.5,0.053249043549894924,0.02292491402816632,0.01925859100388161,0.2580000807221479,0.6,0.05967843695620412,0.22716495429098993,2581
108,0.6666666666666666,0.08639579431235407,0.09525865092137142,0.09166365218331074,0.1836765641208229,0.6,0.09141765232372925,0.21740299209903027,0.16666666666666666,0.06941227590461582,0.04376848071360484,0.04018036994705165,0.11098011416192671,0.2,0.07611745296680138,0.10143560675191551,2581
109,0.6666666666666666,0.12872968442964253,0.19465033661600517,0.1914502717283867,0.03371553993160154,0.8,0.147019766402245,0.017101768164584506,0.5,0.10689374175981046,0.13716165521755963,0.133923987882541,0.13690188496563332,0.6,0.12602280094384105,0.03592603049579733,2581
110,0.47368421052631576,0.1528785155555965,0.16415433419153702,0.1540966599354504,0.3049133494655472,0.47368421052631576,0.1528785155555965,0.30491334946554727,0.5789473684210527,0.1523947880265206,0.27267280901184987,0.26354518904568425,0.24922910551342992,0.5789473684210527,0.16606363234052843,0.17298474799604055,7507
111,0.42105263157894735,0.17865689864103587,0.0847428151330728,0.07372958744943026,0.22733943616417263,0.42105263157894735,0.17865689864103584,0.22733943616417263,0.3684210526315789,0.12854928084047512,0.15993421875514935,0.14939178160610567,0.30994550801355303,0.3684210526315789,0.1283561610708022,0.267817553340125,7507
112,0.5789473684210527,0.2135469329248317,0.2487808113095482,0.23974144171795952,0.23358920020799587,0.5789473684210527,0.21354693292483176,0.23358920020799587,0.47368421052631576,0.15833361506040178,0.26226562254926833,0.2530073972047744,0.23580852620305998,0.47368421052631576,0.1638618985590787,0.17900526471806807,7507
113,0.5789473684210527,0.19457757844408077,0.22189838736386025,0.21253554338660463,0.1805986546046557,0.5789473684210527,0.19457757844408075,0.18059865460465568,0.47368421052631576,0.1417398858288478,0.24213986139789734,0.2326290670561273,0.2960633665964749,0.47368421052631576,0.1693541916520639,0.16915834351938444,7507
114,0.3333333333333333,0.20521250653226783,0.2098697045972805,0.19355593387320513,0.307860732019439,0.28,0.09820768947680485,0.35450968944016126,0.26666666666666666,0.14471879502139512,0.16017345308738207,0.14301078523494437,0.34674499648785845,0.2,0.06570681009812461,0.26800620433207545,122
115,0.26666666666666666,0.16080318062618074,0.09558631227908498,0.07691293951127542,0.3354111717895337,0.2,0.11194987457585402,0.36580743093296064,0.3333333333333333,0.17578207806164858,0.08173465537324143,0.0629690148154739,0.31564224566985716,0.2,0.062271394413597435,0.3629733746892213,122
116,0.16666666666666666,0.1593362173778015,0.5154514962501475,0.5054470536400336,0.425837556128087,0.16,0.06866801543922037,0.40346125977763825,0.23333333333333334,0.1763983178236503,0.48447426543714567,0.47393899838204645,0.36596966962719224,0.2,0.04875795069920752,0.33811727526142815,122
117,0.375,0.2235312263659227,0.025315739805408022,0.02001854273913317,0.20291888488845053,0.375,0.2235312263659227,0.20291888488845053,0.125,0.16074517495222387,0.02005657700963792,0.014925983171992119,0.32755903465259073,0.125,0.16074517495222387,0.32755903465259073,1182
118,0.25,0.1718503266520153,0.009641826130550868,0.004259444750825736,0.3011562769033623,0.25,0.1718503266520153,0.3011562769033623,0.0,0.12787287491894253,0.010714361607851663,0.005534855647683412,0.3991299775307454,0.0,0.12787287491894253,0.3991299775307454,1182
119,0.125,0.15705664907757716,0.007692333689307329,0.0022993572419667263,0.3348433445886153,0.125,0.15705664907757716,0.3348433445886153,0.125,0.13698895577310477,0.010684891386883444,0.005505231132364563,0.42390770406831835,0.125,0.13698895577310477,0.42390770406831835,1182
120,1.0,0.31643503129256806,0.10013112902915766,0.09982104327072538,1.5240398154647473e-68,1.0,0.31643503129256806,1.5240398154647473e-68,1.0,0.31113735786742086,0.09680645546069666,0.09648730579831521,1.2927195766167012e-64,1.0,0.31113735786742086,1.2927195766167012e-64,4924
121,0.4,0.4151462473405651,0.13103963050297895,0.12809400213180266,0.3104977463684503,0.4,0.4151462473405651,0.3104977463684503,0.6,0.4290585342605044,0.11712989953127328,0.1142465876420874,0.2748510672526385,0.6,0.4788264994777738,0.18711173101822456,2111
122,0.09090909090909091,0.13710979486813535,0.009411586829279228,0.001938011695618136,0.5188582662560551,0.0,0.030795080094578743,0.557360299501469,0.18181818181818182,0.13493804562526485,0.00982523094879495,0.002410716000147417,0.45322420175069156,0.5,0.08266432841722124,0.4357411261576463,2800
123,0.18181818181818182,0.3220218485360424,0.05789568193429129,0.05078789901335656,0.2732793603084176,0.5,0.05464934685781836,0.4745136498068123,0.2727272727272727,0.29714360324712497,0.08044512812659221,0.07355942112141356,0.39642034884625,0.0,0.0297648732171258,0.43609659467620676,2800
124,0.36363636363636365,0.2706401903859827,0.1432476833780626,0.136783845598336,0.3101127057221253,1.0,0.1411508958287317,0.004590433721919581,0.36363636363636365,0.23205826008634559,0.09703933813164778,0.09027789001690867,0.22889708891387786,1.0,0.15259810096005805,0.0002092810514254429,2800
125,0.45454545454545453,0.31508085186195395,0.1003716351376821,0.09358431551252056,0.27811861391396303,0.5,0.038815113813472864,0.46695407816294227,0.09090909090909091,0.1452955375099454,0.10230994623844325,0.09558796489645749,0.4280818086388075,0.0,0.05119698363570853,0.20377445933907584,2800
126,0.2727272727272727,0.2158483989397032,0.027932620750992898,0.020598779069416095,0.30175980932029145,0.0,0.06764975035795012,0.13410362007635973,0.18181818181818182,0.22587598945150847,0.023803253843869165,0.016493407548622496,0.22691541045051486,0.5,0.06854199421593238,0.2343143955224612,2800
